"type","price","title","status","discount","per_serviceman_commission","duration","user_id","description","speciality_description","is_featured","duration_unit","service_rate","required_servicemen","created_by_id","is_random_related_services","categories","taxes","related_services","image","web_images","web_thumbnail","thumbnail"
"fixed","200","Window Air Conditioner Repair","1","10","8","2","3","Comprehensive repair services for window air conditioners to ensure optimal performance and efficiency. Our expert technicians can handle all types of repairs, from minor fixes to major overhauls.","","1","hours","180","2","1","1","[7,8,9,21]","[1]","[24]","[""http:\/\/127.0.0.1:8000\/storage\/525\/Window-Air-Conditioner-Repair_2.jpg"",""http:\/\/127.0.0.1:8000\/storage\/526\/Window-Air-Conditioner-Repair_3.jpg""]","[""http:\/\/127.0.0.1:8000\/storage\/527\/Window-Air-Conditioner-Repair_1.jpg""]","[""http:\/\/127.0.0.1:8000\/storage\/637\/Window-Air-Conditioner-Repair_thumbnail.jpg""]","[""http:\/\/127.0.0.1:8000\/storage\/634\/Window-Air-Conditioner-Repair_3.jpg"",""http:\/\/127.0.0.1:8000\/storage\/635\/Window-Air-Conditioner-Repair_2.jpg"",""http:\/\/127.0.0.1:8000\/storage\/636\/Window-Air-Conditioner-Repair_1.jpg""]"
"fixed","200","Office Cleaning Service","1","5","6","3","3","Professional office cleaning services to ensure a clean and hygienic workspace. Our services include dusting, vacuuming, mopping, and sanitizing common areas, restrooms, and individual offices.","","","hours","190","2","1","1","[13,15]","","[31,32,30,48]","[""http:\/\/127.0.0.1:8000\/storage\/519\/Office-Cleaning-Service_2.jpg"",""http:\/\/127.0.0.1:8000\/storage\/520\/Office-Cleaning-Service_3.jpg""]","[""http:\/\/127.0.0.1:8000\/storage\/521\/Office-Cleaning-Service_1.jpg""]","[""http:\/\/127.0.0.1:8000\/storage\/641\/Office-Cleaning-Service_thumbnail.jpg""]","[""http:\/\/127.0.0.1:8000\/storage\/638\/Office-Cleaning-Service_3.jpg"",""http:\/\/127.0.0.1:8000\/storage\/639\/Office-Cleaning-Service_2.jpg"",""http:\/\/127.0.0.1:8000\/storage\/640\/Office-Cleaning-Service_1.jpg""]"
"fixed","900","Custom Furniture Making","1","10","8","5","3","Expert custom furniture making services to create unique and personalized pieces for your home or office. Our skilled carpenters use high-quality materials and craftsmanship to bring your vision to life.","","1","minutes","810","2","1","1","[20]","","[33,34]","[""http:\/\/127.0.0.1:8000\/storage\/513\/Custom-Furniture-Making_2.jpg"",""http:\/\/127.0.0.1:8000\/storage\/514\/Custom-Furniture-Making_3.jpg""]","[""http:\/\/127.0.0.1:8000\/storage\/515\/Custom-Furniture-Making_1.jpg""]","[""http:\/\/127.0.0.1:8000\/storage\/645\/Custom-Furniture-Making_thumbnail.jpg""]","[""http:\/\/127.0.0.1:8000\/storage\/642\/Custom-Furniture-Making_3.jpg"",""http:\/\/127.0.0.1:8000\/storage\/643\/Custom-Furniture-Making_2.jpg"",""http:\/\/127.0.0.1:8000\/storage\/644\/Custom-Furniture-Making_1.jpg""]"
"fixed","90","Electrical Wiring and Installation","1","3","7","7","31","Professional electrical wiring and installation services for residential and commercial properties. Our licensed electricians ensure safe and efficient electrical systems, adhering to all local codes and regulations.","","1","hours","87.3","2","1","1","[31,32]","","[29,49,50,51]","[""http:\/\/127.0.0.1:8000\/storage\/516\/Electrical-Wiring-and-Installation_2.jpg"",""http:\/\/127.0.0.1:8000\/storage\/517\/Electrical-Wiring-and-Installation_3.jpg""]","[""http:\/\/127.0.0.1:8000\/storage\/518\/Electrical-Wiring-and-Installation_1.jpg""]","[""http:\/\/127.0.0.1:8000\/storage\/649\/Electrical-Wiring-and-Installation_thumbnail.jpg""]","[""http:\/\/127.0.0.1:8000\/storage\/646\/Electrical-Wiring-and-Installation_3.jpg"",""http:\/\/127.0.0.1:8000\/storage\/647\/Electrical-Wiring-and-Installation_2.jpg"",""http:\/\/127.0.0.1:8000\/storage\/648\/Electrical-Wiring-and-Installation_1.jpg""]"
"fixed","5000","Interior House Painting","1","10","9","10","31","High-quality interior house painting services to transform the look and feel of your home. Our experienced painters use premium paints and techniques to deliver a flawless finish.","","","","4500","4","1","1","[37,38]","","[52]","[""http:\/\/127.0.0.1:8000\/storage\/117\/Wall-painting_1.png"",""http:\/\/127.0.0.1:8000\/storage\/118\/Wall-painting_2.png"",""http:\/\/127.0.0.1:8000\/storage\/119\/Wall-painting_3.png""]","[""http:\/\/127.0.0.1:8000\/storage\/120\/Wall-painting_1.png""]","[""http:\/\/127.0.0.1:8000\/storage\/653\/Interior-House-Painting_thumbnail.jpg""]","[""http:\/\/127.0.0.1:8000\/storage\/650\/Interior-House-Painting_3.jpg"",""http:\/\/127.0.0.1:8000\/storage\/651\/Interior-House-Painting_2.jpg"",""http:\/\/127.0.0.1:8000\/storage\/652\/Interior-House-Painting_1.jpg""]"
"fixed","500","Stress Relief Therapy","1","10","5","3","31","Professional stress relief therapy to help you relax and unwind. Our experienced therapists use various techniques to alleviate stress and promote mental well-being.","","1","hours","450","2","1","1","[53,54]","","[9,10,13,14,18,19]","[""http:\/\/127.0.0.1:8000\/storage\/121\/Full-body-massage_1.png"",""http:\/\/127.0.0.1:8000\/storage\/122\/Full-body-massage_2.png"",""http:\/\/127.0.0.1:8000\/storage\/123\/Full-body-massage_3.png""]","[""http:\/\/127.0.0.1:8000\/storage\/124\/Full-body-massage_1.png""]","[""http:\/\/127.0.0.1:8000\/storage\/657\/Stress-Relief-Therapy_thumbnail.jpg""]","[""http:\/\/127.0.0.1:8000\/storage\/654\/Stress-Relief-Therapy_3.jpg"",""http:\/\/127.0.0.1:8000\/storage\/655\/Stress-Relief-Therapy_2.jpg"",""http:\/\/127.0.0.1:8000\/storage\/656\/Stress-Relief-Therapy_1.jpg""]"
"fixed","300","Pain Relief Therapy","1","1","8","2","30","Specialized pain relief therapy to manage and alleviate chronic pain. Our therapists use targeted techniques to reduce discomfort and improve mobility.","","","hours","297","1","1","1","[54]","","[8,10,13,14,18,19]","[""http:\/\/127.0.0.1:8000\/storage\/125\/Full-body-massage_2.png"",""http:\/\/127.0.0.1:8000\/storage\/126\/Full-body-massage_3.png""]","[""http:\/\/127.0.0.1:8000\/storage\/127\/Hair-spa-Service_1.png""]","[""http:\/\/127.0.0.1:8000\/storage\/661\/Pain-Relief-Therapy_thumbnail.jpg""]","[""http:\/\/127.0.0.1:8000\/storage\/658\/Pain-Relief-Therapy_3.jpg"",""http:\/\/127.0.0.1:8000\/storage\/659\/Pain-Relief-Therapy_2.jpg"",""http:\/\/127.0.0.1:8000\/storage\/660\/Pain-Relief-Therapy_1.jpg""]"
"fixed","900","Natural Skincare Treatment","1","15","7","3","30","Holistic skincare treatments using natural and organic products. Our treatments are designed to nourish and rejuvenate your skin without harsh chemicals.","","","hours","765","1","1","1","[54]","","[8,9]","[""http:\/\/127.0.0.1:8000\/storage\/128\/Ayurvedic-Massage-,-Ayurvedic-head-massage._1.png"",""http:\/\/127.0.0.1:8000\/storage\/129\/Ayurvedic-Massage-,-Ayurvedic-head-massage._2.png"",""http:\/\/127.0.0.1:8000\/storage\/130\/Ayurvedic-Massage-,-Ayurvedic-head-massage._3.png""]","[""http:\/\/127.0.0.1:8000\/storage\/131\/Ayurvedic-Massage-,-Ayurvedic-head-massage._2.png""]","[""http:\/\/127.0.0.1:8000\/storage\/665\/Natural-Skincare-Treatment_thumbnail.jpg""]","[""http:\/\/127.0.0.1:8000\/storage\/662\/Natural-Skincare-Treatment_3.jpg"",""http:\/\/127.0.0.1:8000\/storage\/663\/Natural-Skincare-Treatment_2.jpg"",""http:\/\/127.0.0.1:8000\/storage\/664\/Natural-Skincare-Treatment_1.jpg""]"
"fixed","120","Sofa & Carpet Deep Cleaning","1","5","8","3","30","Professional deep cleaning services for sofas and carpets to remove dirt, stains, and allergens. Our advanced cleaning techniques ensure a thorough and hygienic clean.","","","minutes","114","3","1","1","[11,13,16]","","[4,12,15,25,30,31,32]","[""http:\/\/127.0.0.1:8000\/storage\/522\/Sofa-&-Carpet-Deep-Cleaning_2.jpg"",""http:\/\/127.0.0.1:8000\/storage\/523\/Sofa-&-Carpet-Deep-Cleaning_3.jpg""]","[""http:\/\/127.0.0.1:8000\/storage\/524\/Sofa-&-Carpet-Deep-Cleaning_1.jpg""]","[""http:\/\/127.0.0.1:8000\/storage\/669\/Sofa-&-Carpet-Deep-Cleaning_thumbnail.jpg""]","[""http:\/\/127.0.0.1:8000\/storage\/666\/Sofa-&-Carpet-Deep-Cleaning_3.jpg"",""http:\/\/127.0.0.1:8000\/storage\/667\/Sofa-&-Carpet-Deep-Cleaning_2.jpg"",""http:\/\/127.0.0.1:8000\/storage\/668\/Sofa-&-Carpet-Deep-Cleaning_1.jpg""]"
"fixed","90","Bathroom & Kitchen Deep Cleaning","1","1","7","1","3","Comprehensive deep cleaning services for bathrooms and kitchens. Our team ensures every corner is spotless, disinfected, and free from grime and bacteria.","","","minutes","89.1","1","1","1","[11,13,16]","[1]","[4,11]","[""http:\/\/127.0.0.1:8000\/storage\/510\/Bathroom-&-Kitchen-Deep-Cleaning_2.jpg"",""http:\/\/127.0.0.1:8000\/storage\/511\/Bathroom-&-Kitchen-Deep-Cleaning_3.jpg""]","[""http:\/\/127.0.0.1:8000\/storage\/512\/Bathroom-&-Kitchen-Deep-Cleaning_1.jpg""]","[""http:\/\/127.0.0.1:8000\/storage\/673\/Bathroom-&-Kitchen-Deep-Cleaning_thumbnail.jpg""]","[""http:\/\/127.0.0.1:8000\/storage\/670\/Bathroom-&-Kitchen-Deep-Cleaning_3.jpg"",""http:\/\/127.0.0.1:8000\/storage\/671\/Bathroom-&-Kitchen-Deep-Cleaning_2.jpg"",""http:\/\/127.0.0.1:8000\/storage\/672\/Bathroom-&-Kitchen-Deep-Cleaning_1.jpg""]"
"fixed","40","Ayurvedic Massage","1","1","6","2","33","Experience the ancient healing art of Ayurvedic Massage, a therapeutic technique that rejuvenates the body and mind. Our skilled therapists use traditional Ayurvedic oils and gentle strokes to balance your doshas, promoting relaxation, detoxification, and overall well-being. Whether you seek relief from stress, muscle tension, or simply wish to indulge in a soothing treatment, our Ayurvedic Massage offers a holistic approach to wellness.","","","hours","39.6","1","1","1","[54]","[1]","[8,9,10,14,18,19]","[""http:\/\/127.0.0.1:8000\/storage\/505\/Ayurvedic-Massage-,-Ayurvedic-head-massage._2.png"",""http:\/\/127.0.0.1:8000\/storage\/506\/Ayurvedic-Massage-,-Ayurvedic-head-massage._3.png""]","[""http:\/\/127.0.0.1:8000\/storage\/507\/Ayurvedic-Massage-,-Ayurvedic-head-massage._1.png""]","[""http:\/\/127.0.0.1:8000\/storage\/677\/Ayurvedic-Massage_thumbnail.jpg""]","[""http:\/\/127.0.0.1:8000\/storage\/674\/Ayurvedic-Massage_3.jpg"",""http:\/\/127.0.0.1:8000\/storage\/675\/Ayurvedic-Massage_2.jpg"",""http:\/\/127.0.0.1:8000\/storage\/676\/Ayurvedic-Massage_1.jpg""]"
"fixed","120","Ayurvedic Pain Relief Head, Neck & Shoulder Massage","1","1","6","3","33","Indulge in our Ayurvedic Pain Relief Head, Neck & Shoulder Massage, a specialized treatment designed to target and alleviate tension and discomfort in these specific areas. Using a combination of traditional Ayurvedic techniques and therapeutic oils, this massage helps relieve pain, reduce inflammation, and improve mobility, leaving you feeling rejuvenated and relaxed.","","1","hours","118.8","1","1","1","[54]","[1]","[8,9,10,13]","[""http:\/\/127.0.0.1:8000\/storage\/502\/Ayurvedic-Pain-Relief-Head,-Neck-&-Shoulder-Massage_2.png"",""http:\/\/127.0.0.1:8000\/storage\/503\/Ayurvedic-Pain-Relief-Head,-Neck-&-Shoulder-Massage_3.png""]","[""http:\/\/127.0.0.1:8000\/storage\/504\/Ayurvedic-Pain-Relief-Head,-Neck-&-Shoulder-Massage_1.png""]","[""http:\/\/127.0.0.1:8000\/storage\/681\/Ayurvedic-Pain-Relief-Head,-Neck-&-Shoulder-Massage_thumbnail.jpg""]","[""http:\/\/127.0.0.1:8000\/storage\/678\/Ayurvedic-Pain-Relief-Head,-Neck-&-Shoulder-Massage_3.jpg"",""http:\/\/127.0.0.1:8000\/storage\/679\/Ayurvedic-Pain-Relief-Head,-Neck-&-Shoulder-Massage_2.jpg"",""http:\/\/127.0.0.1:8000\/storage\/680\/Ayurvedic-Pain-Relief-Head,-Neck-&-Shoulder-Massage_1.jpg""]"
"fixed","80","Chimney Sweeping & Cleaning","1","10","7","2","33","Keep your fireplace safe and efficient with our professional chimney sweeping service. We remove soot, debris, and creosote buildup to prevent fires and improve airflow.","","1","hours","72","2","1","1","[11,13,16]","[1]","[11,12,25,47,4,30,31,32,48]","[""http:\/\/127.0.0.1:8000\/storage\/499\/Chimney-sweeping-&-Cleaning_2.png"",""http:\/\/127.0.0.1:8000\/storage\/500\/Chimney-sweeping-&-Cleaning_3.png""]","[""http:\/\/127.0.0.1:8000\/storage\/501\/Chimney-sweeping-&-Cleaning_1.png""]","[""http:\/\/127.0.0.1:8000\/storage\/685\/Chimney-Sweeping-&-Cleaning_thumbnail.jpg""]","[""http:\/\/127.0.0.1:8000\/storage\/682\/Chimney-Sweeping-&-Cleaning_3.jpg"",""http:\/\/127.0.0.1:8000\/storage\/683\/Chimney-Sweeping-&-Cleaning_2.jpg"",""http:\/\/127.0.0.1:8000\/storage\/684\/Chimney-Sweeping-&-Cleaning_1.jpg""]"
"fixed","70","Face Care & Facial  Detan Service For Men","1","6","8","1","33","Bro Glow offers a rejuvenating facial and detan service to combat dullness and sun damage. Achieve a healthy, refreshed look!","","1","minutes","65.8","1","1","1","[49,52,54]","[1]","[19]","[""http:\/\/127.0.0.1:8000\/storage\/496\/Face-care2.png"",""http:\/\/127.0.0.1:8000\/storage\/497\/Face-care3.png""]","[""http:\/\/127.0.0.1:8000\/storage\/498\/Face-care.png""]","[""http:\/\/127.0.0.1:8000\/storage\/952\/Face_Care_Facial_Detan_Service_thumb.jpg""]","[""http:\/\/127.0.0.1:8000\/storage\/949\/Face_Care_Facial_Detan_Service3.jpg"",""http:\/\/127.0.0.1:8000\/storage\/950\/Face_Care_Facial_Detan_Service2.jpg"",""http:\/\/127.0.0.1:8000\/storage\/951\/Face_Care_Facial_Detan_Service.jpg""]"
"fixed","60","Full Body Massage","1","5","5","2","33","Relax and rejuvenate with our full body massage service, designed to release tension and promote relaxation.","","1","hours","57","1","1","1","[49,54]","[1]","[8,9,10,13,14,18]","[""http:\/\/127.0.0.1:8000\/storage\/490\/Full-body-massage_2.png"",""http:\/\/127.0.0.1:8000\/storage\/491\/Full-body-massage_3.png""]","[""http:\/\/127.0.0.1:8000\/storage\/492\/Full-body-massage_1.png""]","[""http:\/\/127.0.0.1:8000\/storage\/697\/Full-Body-Massage_thumbnail.jpg""]","[""http:\/\/127.0.0.1:8000\/storage\/694\/Full-Body-Massage_3.jpg"",""http:\/\/127.0.0.1:8000\/storage\/695\/Full-Body-Massage_2.jpg"",""http:\/\/127.0.0.1:8000\/storage\/696\/Full-Body-Massage_1.jpg""]"
"fixed","150","Personal Chef Service","1","1","6","9","23","Hire a personal chef to create customized meals in the comfort of your home. Perfect for busy individuals or families looking for delicious and convenient meals.","","1","hours","148.5","1","1","1","[25,26]","[1]","[44,45]","[""http:\/\/127.0.0.1:8000\/storage\/487\/Personal-Chef-Service_2.jpg"",""http:\/\/127.0.0.1:8000\/storage\/488\/Personal-Chef-Service_3.jpg""]","[""http:\/\/127.0.0.1:8000\/storage\/489\/Personal-Chef-Service_1.jpg""]","[""http:\/\/127.0.0.1:8000\/storage\/705\/Personal-Chef-Service_thumbnail.jpg""]","[""http:\/\/127.0.0.1:8000\/storage\/702\/Personal-Chef-Service_3.jpg"",""http:\/\/127.0.0.1:8000\/storage\/703\/Personal-Chef-Service_2.jpg"",""http:\/\/127.0.0.1:8000\/storage\/704\/Personal-Chef-Service_1.jpg""]"
"fixed","130","Catering Services","1","10","6","3","23","Professional catering services for events of all sizes. From weddings to corporate events, our team will create a memorable dining experience for your guests.","","1","minutes","117","3","1","1","[25,27]","[1]","[20,22,44,45]","[""http:\/\/127.0.0.1:8000\/storage\/484\/Catering-Services_2.jpg"",""http:\/\/127.0.0.1:8000\/storage\/485\/Catering-Services_3.jpg""]","[""http:\/\/127.0.0.1:8000\/storage\/486\/Catering-Services_1.jpg""]","[""http:\/\/127.0.0.1:8000\/storage\/709\/Catering-Services_thumbnail.jpg""]","[""http:\/\/127.0.0.1:8000\/storage\/706\/Catering-Services_3.jpg"",""http:\/\/127.0.0.1:8000\/storage\/707\/Catering-Services_2.jpg"",""http:\/\/127.0.0.1:8000\/storage\/708\/Catering-Services_1.jpg""]"
"fixed","40","Cooking Classes","1","2","6","2","34","Join our cooking classes to learn new culinary skills and recipes. Perfect for beginners and seasoned cooks alike, our classes are fun and educational.","","1","hours","39.2","1","1","1","[25,28]","[1]","","[""http:\/\/127.0.0.1:8000\/storage\/481\/Cooking-Classes_2.jpg"",""http:\/\/127.0.0.1:8000\/storage\/482\/Cooking-Classes_3.jpg""]","[""http:\/\/127.0.0.1:8000\/storage\/483\/Cooking-Classes_1.jpg""]","[""http:\/\/127.0.0.1:8000\/storage\/713\/Cooking-Classes_thumbnail.jpg""]","[""http:\/\/127.0.0.1:8000\/storage\/710\/Cooking-Classes_3.jpg"",""http:\/\/127.0.0.1:8000\/storage\/711\/Cooking-Classes_2.jpg"",""http:\/\/127.0.0.1:8000\/storage\/712\/Cooking-Classes_1.jpg""]"
"fixed","100","Plumber Service","1","10","8","40","23","Our professional plumbers are available for all your plumbing needs, from installations to repairs. Whether it's a leaky faucet or a complete bathroom remodel, we've got you covered.","","1","minutes","90","1","1","","[43]","[1]","[20,21]","[""http:\/\/127.0.0.1:8000\/storage\/478\/Plumbing-Emergency-Repair-Service_2.jpg"",""http:\/\/127.0.0.1:8000\/storage\/479\/Plumbing-Emergency-Repair-Service_3.jpg""]","[""http:\/\/127.0.0.1:8000\/storage\/480\/Plumbing-Emergency-Repair-Service_1.jpg""]","[""http:\/\/127.0.0.1:8000\/storage\/717\/Plumber-Service_thumbnail.jpg""]","[""http:\/\/127.0.0.1:8000\/storage\/714\/Plumber-Service_3.jpg"",""http:\/\/127.0.0.1:8000\/storage\/715\/Plumber-Service_2.jpg"",""http:\/\/127.0.0.1:8000\/storage\/716\/Plumber-Service_1.jpg""]"
"fixed","60","AC Master Service","1","5","7","3","3","AC Master Service offers comprehensive air conditioning solutions, including installation, maintenance, cleaning, and repair. Our team of experienced technicians ensures your AC units operate efficiently and effectively, providing you with the comfort you need in your home or office. We pride ourselves on delivering prompt, professional, and reliable service to meet all your air conditioning needs.","","1","hours","57","1","1","","[7,8,9,12]","[1]","[3,4,5,12]","[""http:\/\/127.0.0.1:8000\/storage\/475\/AC-Master-Service_2.jpg"",""http:\/\/127.0.0.1:8000\/storage\/476\/AC-Master-Service_3.jpg""]","[""http:\/\/127.0.0.1:8000\/storage\/477\/Ac-master-service_1.png""]","[""http:\/\/127.0.0.1:8000\/storage\/721\/AC-Master-Service_thumbnail.jpg""]","[""http:\/\/127.0.0.1:8000\/storage\/718\/AC-Master-Service_3.jpg"",""http:\/\/127.0.0.1:8000\/storage\/719\/AC-Master-Service_2.jpg"",""http:\/\/127.0.0.1:8000\/storage\/720\/AC-Master-Service_1.jpg""]"
"fixed","50","Car Washing Service","1","15","7","1","3","Car Washing Service provides top-notch car cleaning and detailing solutions to keep your vehicle looking brand new. From basic exterior washes to comprehensive interior and exterior detailing, our skilled professionals use high-quality products and equipment to ensure your car receives the best care possible. We are committed to delivering exceptional service with a focus on customer satisfaction and convenience.","","1","hours","42.5","1","1","","[13,16]","","[4,12]","[""http:\/\/127.0.0.1:8000\/storage\/472\/Car-Washing-service_2.png"",""http:\/\/127.0.0.1:8000\/storage\/473\/Car-Washing-service_3.png""]","[""http:\/\/127.0.0.1:8000\/storage\/474\/Car-Washing-service_1.png""]","[""http:\/\/127.0.0.1:8000\/storage\/725\/Car-Washing-Service_thumbnail.jpg""]","[""http:\/\/127.0.0.1:8000\/storage\/722\/Car-Washing-Service_3.jpg"",""http:\/\/127.0.0.1:8000\/storage\/723\/Car-Washing-Service_2.jpg"",""http:\/\/127.0.0.1:8000\/storage\/724\/Car-Washing-Service_1.jpg""]"
"fixed","40","AC Installation Service","1","10","9","3","3","Our AC Installation Service specializes in providing efficient and professional air conditioning installation for residential and commercial properties. Our certified technicians ensure that your new AC units are installed correctly and functioning optimally. We offer a variety of AC systems, tailored to meet your specific cooling needs, and guarantee high-quality service and customer satisfaction.","","1","minutes","36","2","1","","[7,8,9,12]","[1]","[3,24]","[""http:\/\/127.0.0.1:8000\/storage\/469\/AC-Installation-Service_2.jpg"",""http:\/\/127.0.0.1:8000\/storage\/470\/AC-Installation-Service_3.jpg""]","[""http:\/\/127.0.0.1:8000\/storage\/471\/AC-Installation-Service_1.jpg""]","[""http:\/\/127.0.0.1:8000\/storage\/729\/AC-Installation-Service_thumbnail.jpg""]","[""http:\/\/127.0.0.1:8000\/storage\/726\/AC-Installation-Service_3.jpg"",""http:\/\/127.0.0.1:8000\/storage\/727\/AC-Installation-Service-2.jpg"",""http:\/\/127.0.0.1:8000\/storage\/728\/AC-Installation-Service_1.jpg""]"
"fixed","90","Emergency Repair Service","1","7","6","3","3","Emergency Repair Service provides fast and reliable repair solutions for urgent issues in your home or office. Our team of skilled technicians is available 24/7 to handle emergencies such as plumbing leaks, electrical failures, and HVAC malfunctions. We prioritize your safety and comfort, ensuring prompt and effective repairs to minimize any disruption to your daily routine.","","1","minutes","83.7","2","1","","[7,8,9,10,12,21]","[1]","[3,4,24,26]","[""http:\/\/127.0.0.1:8000\/storage\/466\/Emergency-Repair-Service_2.jpg"",""http:\/\/127.0.0.1:8000\/storage\/467\/Emergency-Repair-Service_3.jpg""]","[""http:\/\/127.0.0.1:8000\/storage\/468\/Emergency-Repair-Service_1.jpg""]","[""http:\/\/127.0.0.1:8000\/storage\/733\/Emergency-Repair-Service_thumbnail.jpg""]","[""http:\/\/127.0.0.1:8000\/storage\/730\/Emergency-Repair-Service_3.jpg"",""http:\/\/127.0.0.1:8000\/storage\/731\/Emergency-Repair-Service_2.jpg"",""http:\/\/127.0.0.1:8000\/storage\/732\/Emergency-Repair-Service_1.jpg""]"
"fixed","60","Plumbing Emergency Repair Service","1","5","7","3","3","Our Plumbing Emergency Repair Service offers immediate assistance for all urgent plumbing issues. Whether it's a burst pipe, a severe leak, or a clogged drain, our experienced plumbers are available around the clock to provide fast and effective repairs. We understand the importance of addressing plumbing emergencies promptly to prevent water damage and ensure the safety and comfort of your property.","","1","minutes","57","1","1","","[10,21,43,48]","","[5,24,25]","[""http:\/\/127.0.0.1:8000\/storage\/463\/Plumbing-Emergency-Repair-Service_2.jpg"",""http:\/\/127.0.0.1:8000\/storage\/464\/Plumbing-Emergency-Repair-Service_3.jpg""]","[""http:\/\/127.0.0.1:8000\/storage\/465\/Plumbing-Emergency-Repair-Service_1.jpg""]","[""http:\/\/127.0.0.1:8000\/storage\/737\/Plumbing-Emergency-Repair-Service_thumbnail.jpg""]","[""http:\/\/127.0.0.1:8000\/storage\/734\/Plumbing-Emergency-Repair-Service_3.jpg"",""http:\/\/127.0.0.1:8000\/storage\/735\/Plumbing-Emergency-Repair-Service_2.jpg"",""http:\/\/127.0.0.1:8000\/storage\/736\/Plumbing-Emergency-Repair-Service_1.jpg""]"
"fixed","90","Electrical Emergency Repair Service","1","5","7","3","33","Our Electrical Emergency Repair Service provides rapid response to urgent electrical issues. Whether you're dealing with power outages, faulty wiring, or electrical fires, our certified electricians are available 24/7 to address and resolve the problem. We ensure your electrical system is safe and functional, minimizing downtime and risk.","","1","minutes","85.5","1","1","1","[10,21,31]","","[27,28,34,3]","[""http:\/\/127.0.0.1:8000\/storage\/460\/Electrical-Emergency-Repair-Service_2.jpg"",""http:\/\/127.0.0.1:8000\/storage\/461\/Electrical-Emergency-Repair-Service_3.jpg""]","[""http:\/\/127.0.0.1:8000\/storage\/462\/Electrical-Emergency-Repair-Service_1.jpg""]","[""http:\/\/127.0.0.1:8000\/storage\/741\/Electrical-Emergency-Repair-Service_thumbnail.jpg""]","[""http:\/\/127.0.0.1:8000\/storage\/738\/Electrical-Emergency-Repair-Service_3.jpg"",""http:\/\/127.0.0.1:8000\/storage\/739\/Electrical-Emergency-Repair-Service_2.jpg"",""http:\/\/127.0.0.1:8000\/storage\/740\/Electrical-Emergency-Repair-Service_1.jpg""]"
"fixed","60","Residential Cleaning Services","1","5","5","3","30","Our Home Cleaning Service provides thorough and detailed cleaning solutions for your entire home. Our professional cleaners use high-quality, eco-friendly products to ensure a clean and healthy living environment. From dusting and vacuuming to mopping and sanitizing, we cover every corner of your home to make it spotless.","","","minutes","57","1","1","1","[11,13,14,15]","","[4,11,12,15,25]","[""http:\/\/127.0.0.1:8000\/storage\/457\/Residential-Cleaning-Services_2.jpg"",""http:\/\/127.0.0.1:8000\/storage\/458\/Residential-Cleaning-Services_3.jpg""]","[""http:\/\/127.0.0.1:8000\/storage\/459\/Residential-Cleaning-Services_1.jpg""]","[""http:\/\/127.0.0.1:8000\/storage\/745\/Residential-Cleaning-Services_thumbnail.jpg""]","[""http:\/\/127.0.0.1:8000\/storage\/742\/Residential-Cleaning-Services_3.jpg"",""http:\/\/127.0.0.1:8000\/storage\/743\/Residential-Cleaning-Services_2.jpg"",""http:\/\/127.0.0.1:8000\/storage\/744\/Residential-Cleaning-Services_1.jpg""]"
"fixed","30","Carpet Cleaning Service","1","1","8","2","30","Our Carpet Cleaning Service offers deep cleaning solutions to remove dirt, stains, and allergens from your carpets. Using advanced steam cleaning techniques and eco-friendly products, we ensure your carpets are fresh, clean, and extend their lifespan. Our experienced technicians handle all types of carpets and rugs with care.","","1","minutes","29.7","1","1","","[13,14,15]","","[11,30]","[""http:\/\/127.0.0.1:8000\/storage\/454\/Carpet-Cleaning-Service_2.jpg"",""http:\/\/127.0.0.1:8000\/storage\/455\/Carpet-Cleaning-Service_3.jpg""]","[""http:\/\/127.0.0.1:8000\/storage\/456\/Carpet-Cleaning-Service_1.jpg""]","[""http:\/\/127.0.0.1:8000\/storage\/935\/Carpet-Cleaning-Service_thumbnail.jpg""]","[""http:\/\/127.0.0.1:8000\/storage\/932\/Carpet-Cleaning-Service_3.jpg"",""http:\/\/127.0.0.1:8000\/storage\/933\/Carpet-Cleaning-Service_2.jpg"",""http:\/\/127.0.0.1:8000\/storage\/934\/Carpet-Cleaning-Service_1.jpg""]"
"fixed","200","Window Cleaning Service","1","15","8","1.5","30","Our Window Cleaning Service ensures your windows are crystal clear and streak-free. We provide both interior and exterior window cleaning using professional-grade equipment and techniques. Our trained staff will leave your windows spotless, improving the overall appearance and brightness of your home.","","1","minutes","170","1","1","1","[13,14,15,17,18]","","[4,11,12,15,25,30,31]","[""http:\/\/127.0.0.1:8000\/storage\/451\/Window-Cleaning-Service_2.jpg"",""http:\/\/127.0.0.1:8000\/storage\/452\/Window-Cleaning-Service_3.jpg""]","[""http:\/\/127.0.0.1:8000\/storage\/453\/Window-Cleaning-Service_1.jpg""]","[""http:\/\/127.0.0.1:8000\/storage\/749\/Window-Cleaning-Service_thumbnail.jpg""]","[""http:\/\/127.0.0.1:8000\/storage\/746\/Window-Cleaning-Service_3.jpg"",""http:\/\/127.0.0.1:8000\/storage\/747\/Window-Cleaning-Service_2.jpg"",""http:\/\/127.0.0.1:8000\/storage\/748\/Window-Cleaning-Service-1.jpg""]"
"fixed","700","Custom Furniture Design and Build Furniture Making","1","5","8","5","31","Our Custom Furniture Design and Build service offers personalized furniture solutions tailored to your specific needs and style preferences. Our skilled craftsmen work closely with you to create unique, high-quality pieces that perfectly fit your space and enhance your homeÃƒÆ’Ã‚Â¢ÃƒÂ¢Ã¢â‚¬Å¡Ã‚Â¬ÃƒÂ¢Ã¢â‚¬Å¾Ã‚Â¢s aesthetics. From concept to completion, we ensure every detail meets your expectations.","","1","minutes","665","3","1","","[19,20]","[1]","[6,7,8]","[""http:\/\/127.0.0.1:8000\/storage\/448\/Custom-Furniture-Design-and-Build-Furniture-Making_2.jpg"",""http:\/\/127.0.0.1:8000\/storage\/449\/Custom-Furniture-Design-and-Build-Furniture-Making_3.jpg""]","[""http:\/\/127.0.0.1:8000\/storage\/450\/Custom-Furniture-Design-and-Build-Furniture-Making_1.jpg""]","[""http:\/\/127.0.0.1:8000\/storage\/753\/Custom-Furniture-Design-and-Build-Furniture-Making_thumbnail.jpg""]","[""http:\/\/127.0.0.1:8000\/storage\/750\/Custom-Furniture-Design-and-Build-Furniture-Making_3.jpg"",""http:\/\/127.0.0.1:8000\/storage\/751\/Custom-Furniture-Design-and-Build-Furniture-Making_2.jpg"",""http:\/\/127.0.0.1:8000\/storage\/752\/Custom-Furniture-Design-and-Build-Furniture-Making-1.jpg""]"
"fixed","800","Furniture Repair and Restoration","1","15","8","9","31","Our Furniture Repair and Restoration service breathes new life into your cherished furniture pieces. Whether itÃƒÆ’Ã‚Â¢ÃƒÂ¢Ã¢â‚¬Å¡Ã‚Â¬ÃƒÂ¢Ã¢â‚¬Å¾Ã‚Â¢s an antique that needs delicate restoration or a modern piece that requires repair, our experienced artisans use high-quality materials and techniques to restore the beauty and functionality of your furniture. We handle everything from minor repairs to complete overhauls.","","1","minutes","680","3","1","1","[19,20,21]","[1]","[5,33]","[""http:\/\/127.0.0.1:8000\/storage\/445\/Furniture-Repair-and-Restoration_2.jpg"",""http:\/\/127.0.0.1:8000\/storage\/446\/Furniture-Repair-and-Restoration_3.jpg""]","[""http:\/\/127.0.0.1:8000\/storage\/447\/Furniture-Repair-and-Restoration_1.jpg""]","[""http:\/\/127.0.0.1:8000\/storage\/762\/Furniture-Repair-and-Restoration_thumbnail.jpg""]","[""http:\/\/127.0.0.1:8000\/storage\/759\/image-124.jpg"",""http:\/\/127.0.0.1:8000\/storage\/760\/image-123.jpg"",""http:\/\/127.0.0.1:8000\/storage\/761\/image-122.jpg""]"
"fixed","750","Kitchen Cabinet Installation","1","2","8","6","3","Our Kitchen Cabinet Installation service provides expert installation of high-quality cabinets to enhance the functionality and aesthetics of your kitchen. Whether you're remodeling or setting up a new kitchen, our experienced installers ensure precise and efficient installation, ensuring your cabinets are secure and aligned perfectly.","","1","minutes","735","4","1","1","[22,36]","[1]","[36,37]","[""http:\/\/127.0.0.1:8000\/storage\/442\/Kitchen-Cabinet-Installation_2.jpg"",""http:\/\/127.0.0.1:8000\/storage\/443\/Kitchen-Cabinet-Installation_3.jpg""]","[""http:\/\/127.0.0.1:8000\/storage\/444\/Kitchen-Cabinet-Installation_1.jpg""]","[""http:\/\/127.0.0.1:8000\/storage\/860\/Kitchen-Cabinet-Installation_thumbnail.jpg""]","[""http:\/\/127.0.0.1:8000\/storage\/865\/Kitchen-Cabinet-Installation_3.jpg"",""http:\/\/127.0.0.1:8000\/storage\/866\/Kitchen-Cabinet-Installation_2.jpg"",""http:\/\/127.0.0.1:8000\/storage\/867\/Kitchen-Cabinet-Installation_1.jpg""]"
"fixed","900","Bathroom Cabinet Installation","1","10","8","6","3","Our Bathroom Cabinet Installation service offers professional installation of custom and pre-made cabinets to optimize storage and style in your bathroom. We provide a seamless installation experience, ensuring your new cabinets are functional, aesthetically pleasing, and perfectly fitted to your bathroom space.","","","minutes","810","3","1","1","[22]","[1]","[35]","[""http:\/\/127.0.0.1:8000\/storage\/439\/Bathroom-Cabinet-Installation_2.jpg"",""http:\/\/127.0.0.1:8000\/storage\/440\/Bathroom-Cabinet-Installation_3.jpg""]","[""http:\/\/127.0.0.1:8000\/storage\/441\/Bathroom-Cabinet-Installation_1.jpg""]","[""http:\/\/127.0.0.1:8000\/storage\/864\/Bathroom-Cabinet-Installation_thumbnail.jpg""]","[""http:\/\/127.0.0.1:8000\/storage\/861\/image-131.jpg"",""http:\/\/127.0.0.1:8000\/storage\/862\/image-130.jpg"",""http:\/\/127.0.0.1:8000\/storage\/863\/image-128.jpg""]"
"fixed","700","Custom Cabinet Installation","1","10","8","3","31","Our Custom Cabinet Installation service offers personalized cabinet solutions for any room in your home, including kitchens, bathrooms, living rooms, and home offices. Our expert craftsmen design, build, and install cabinets that match your specific needs, style, and space requirements, ensuring a seamless integration with your home's decor.","","1","minutes","630","3","1","1","[22,36]","[1]","[35,39]","[""http:\/\/127.0.0.1:8000\/storage\/436\/Custom-Cabinet-Installation_2.jpg"",""http:\/\/127.0.0.1:8000\/storage\/437\/Custom-Cabinet-Installation_3.jpg""]","[""http:\/\/127.0.0.1:8000\/storage\/438\/Custom-Cabinet-Installation_1.jpg""]","[""http:\/\/127.0.0.1:8000\/storage\/871\/Custom-Cabinet-Installation_thumbnail.jpg""]","[""http:\/\/127.0.0.1:8000\/storage\/868\/Custom-Deck-Design-and-Construction_3.jpg"",""http:\/\/127.0.0.1:8000\/storage\/869\/Custom-Deck-Design-and-Construction_2.jpg"",""http:\/\/127.0.0.1:8000\/storage\/870\/Custom-Cabinet-Installation_1.jpg""]"
"fixed","800","Hardwood Floor Installation","1","20","8","2","3","Our Hardwood Floor Installation service provides expert installation of high-quality hardwood flooring for your home or office. Our team of skilled installers ensures precise and efficient installation, enhancing the beauty and value of your property. We offer a variety of hardwood options, including oak, maple, cherry, and walnut, to match your style and preferences.","","1","minutes","640","2","1","1","[19,23]","[1]","[39,40]","[""http:\/\/127.0.0.1:8000\/storage\/433\/Hardwood-Floor-Installation_2.jpg"",""http:\/\/127.0.0.1:8000\/storage\/434\/Hardwood-Floor-Installation_3.jpg""]","[""http:\/\/127.0.0.1:8000\/storage\/435\/Hardwood-Floor-Installation_1.jpg""]","[""http:\/\/127.0.0.1:8000\/storage\/875\/Hardwood-Floor-Installation_thumbnail.jpg""]","[""http:\/\/127.0.0.1:8000\/storage\/872\/Hardwood-Floor-Installation_3.jpg"",""http:\/\/127.0.0.1:8000\/storage\/873\/Hardwood-Floor-Installation_2.jpg"",""http:\/\/127.0.0.1:8000\/storage\/874\/Hardwood-Floor-Installation-1.jpg""]"
"fixed","900","Laminate Floor Installation","1","20","8","5","3","Our Laminate Floor Installation service offers a cost-effective and durable flooring solution that mimics the look of real wood. Our professional installers ensure a seamless installation process, providing you with a beautiful, low-maintenance floor that is resistant to scratches and wear. We offer a variety of laminate styles and finishes to suit your decor.","","1","minutes","720","3","1","1","[19,23,36]","[1]","[38]","[""http:\/\/127.0.0.1:8000\/storage\/430\/Laminate-Floor-Installation_2.jpg"",""http:\/\/127.0.0.1:8000\/storage\/431\/Laminate-Floor-Installation_3.jpg""]","[""http:\/\/127.0.0.1:8000\/storage\/432\/Laminate-Floor-Installation_1.jpg""]","[""http:\/\/127.0.0.1:8000\/storage\/879\/Laminate-Floor-Installation_thumbnail.jpg""]","[""http:\/\/127.0.0.1:8000\/storage\/876\/Laminate-Floor-Installation_1.jpg"",""http:\/\/127.0.0.1:8000\/storage\/877\/Laminate-Floor-Installation_2.jpg"",""http:\/\/127.0.0.1:8000\/storage\/878\/Laminate-Floor-Installation_3.jpg""]"
"fixed","90","Parquet Flooring Installation","1","4","8","2","3","Our Parquet Flooring Installation service offers intricate and elegant parquet flooring solutions that add a touch of sophistication to any room. Our skilled craftsmen install parquet flooring with precision, creating stunning patterns and designs that enhance the beauty and value of your space. We offer various wood types and finishes to match your style preferences.","","1","minutes","86.4","3","1","1","[23]","[1]","[38,39]","[""http:\/\/127.0.0.1:8000\/storage\/427\/Parquet-Flooring-Installation_2.jpg"",""http:\/\/127.0.0.1:8000\/storage\/428\/Parquet-Flooring-Installation_3.jpg""]","[""http:\/\/127.0.0.1:8000\/storage\/429\/Parquet-Flooring-Installation_1.jpg""]","[""http:\/\/127.0.0.1:8000\/storage\/883\/Parquet-Flooring-Installation_thumbnail.jpg""]","[""http:\/\/127.0.0.1:8000\/storage\/880\/Parquet-Flooring-Installation_1.jpg"",""http:\/\/127.0.0.1:8000\/storage\/881\/Parquet-Flooring-Installation_2.jpg"",""http:\/\/127.0.0.1:8000\/storage\/882\/Parquet-Flooring-Installation_3.jpg""]"
"fixed","150","Custom Deck Design and Construction","1","6","8","3","31","Our Custom Deck Design and Construction service offers personalized deck solutions tailored to your specific needs and preferences. Our team of experienced designers and builders work closely with you to create a unique, high-quality deck that enhances your outdoor living space. We use durable materials and innovative designs to ensure your deck is both beautiful and long-lasting.","","","minutes","141","2","1","1","[19,24]","[1]","[33,34,38,39]","[""http:\/\/127.0.0.1:8000\/storage\/424\/Custom-Deck-Design-and-Construction_2.jpg"",""http:\/\/127.0.0.1:8000\/storage\/425\/Custom-Deck-Design-and-Construction_3.jpg""]","[""http:\/\/127.0.0.1:8000\/storage\/426\/Custom-Deck-Design-and-Construction_1.jpg""]","[""http:\/\/127.0.0.1:8000\/storage\/887\/Custom-Deck-Design-and-Construction_thumbnail.jpg""]","[""http:\/\/127.0.0.1:8000\/storage\/884\/Custom-Deck-Design-and-Construction_1.jpg"",""http:\/\/127.0.0.1:8000\/storage\/885\/Custom-Deck-Design-and-Construction_2.jpg"",""http:\/\/127.0.0.1:8000\/storage\/886\/Custom-Deck-Design-and-Construction_3.jpg""]"
"fixed","150","Deck Repair and Restoration","1","6","8","3","31","Our Deck Repair and Restoration service helps rejuvenate your existing deck, restoring its beauty and structural integrity. Whether your deck has suffered from weather damage, wear and tear, or simply needs a facelift, our skilled technicians provide comprehensive repair and restoration services, including sanding, staining, and structural repairs.","","","minutes","141","1","1","1","[24]","[1]","[41,43]","[""http:\/\/127.0.0.1:8000\/storage\/421\/Deck-Repair-and-Restoration_2.jpg"",""http:\/\/127.0.0.1:8000\/storage\/422\/Deck-Repair-and-Restoration_3.jpg""]","[""http:\/\/127.0.0.1:8000\/storage\/423\/Deck-Repair-and-Restoration_1.jpg""]","[""http:\/\/127.0.0.1:8000\/storage\/891\/Deck-Repair-and-Restoration_thumbnail.jpg""]","[""http:\/\/127.0.0.1:8000\/storage\/888\/Deck-Repair-and-Restoration_1.jpg"",""http:\/\/127.0.0.1:8000\/storage\/889\/Deck-Repair-and-Restoration_2.jpg"",""http:\/\/127.0.0.1:8000\/storage\/890\/Deck-Repair-and-Restoration_3.jpg""]"
"fixed","150","Deck Maintenance Services","1","7","8","2","31","Our Deck Maintenance Services ensure your deck remains in top condition year-round. Regular maintenance includes cleaning, sealing, and minor repairs to prevent deterioration and extend the life of your deck. Our maintenance packages are designed to keep your deck safe, functional, and looking great.","","","minutes","139.5","1","1","1","[24]","[1]","[41,42]","[""http:\/\/127.0.0.1:8000\/storage\/418\/Deck-Maintenance-Services_2.jpg"",""http:\/\/127.0.0.1:8000\/storage\/419\/Deck-Maintenance-Services_3.jpg""]","[""http:\/\/127.0.0.1:8000\/storage\/420\/Deck-Maintenance-Services_1.jpg""]","[""http:\/\/127.0.0.1:8000\/storage\/895\/Deck-Maintenance-Services_thumbnail.jpg""]","[""http:\/\/127.0.0.1:8000\/storage\/892\/Deck-Maintenance-Services_1.jpg"",""http:\/\/127.0.0.1:8000\/storage\/893\/Deck-Maintenance-Services_2.jpg"",""http:\/\/127.0.0.1:8000\/storage\/894\/Deck-Maintenance-Services_3.jpg""]"
"fixed","90","In-Home Personal Chef Service","1","2","8","4","23","Our In-Home Personal Chef Service provides a personalized culinary experience right in your home. Whether it's for daily meals, special occasions, or dietary needs, our professional chefs create customized menus, shop for ingredients, and prepare delicious meals tailored to your preferences. Enjoy gourmet dining without the hassle of cooking.","","","hours","88.2","1","1","1","[25,26,27]","[1]","[45,20]","[""http:\/\/127.0.0.1:8000\/storage\/415\/In-Home-Personal-Chef-Service_2.jpg"",""http:\/\/127.0.0.1:8000\/storage\/416\/In-Home-Personal-Chef-Service_3.jpg""]","[""http:\/\/127.0.0.1:8000\/storage\/417\/In-Home-Personal-Chef-Service_1.jpg""]","[""http:\/\/127.0.0.1:8000\/storage\/899\/In-Home-Personal-Chef-Service_thumbnail.jpg""]","[""http:\/\/127.0.0.1:8000\/storage\/896\/In-Home-Personal-Chef-Service_1.jpg"",""http:\/\/127.0.0.1:8000\/storage\/897\/In-Home-Personal-Chef-Service_2.jpg"",""http:\/\/127.0.0.1:8000\/storage\/898\/In-Home-Personal-Chef-Service_3.jpg""]"
"fixed","80","Event Catering by Personal Chef","1","5","8","4","23","Our Event Catering by Personal Chef service offers a bespoke catering experience for your events, whether it's a small gathering, wedding, or corporate event. Our personal chefs work with you to create a customized menu that reflects your style and preferences, ensuring a memorable culinary experience for your guests.","","1","hours","76","1","1","1","[25,26,27]","[1]","[21,44]","[""http:\/\/127.0.0.1:8000\/storage\/412\/Event-Catering-by-Personal-Chef_2.jpg"",""http:\/\/127.0.0.1:8000\/storage\/413\/Event-Catering-by-Personal-Chef_3.jpg""]","[""http:\/\/127.0.0.1:8000\/storage\/414\/Event-Catering-by-Personal-Chef_1.jpg""]","[""http:\/\/127.0.0.1:8000\/storage\/903\/Event-Catering-by-Personal-Chef_thumbnail.jpg""]","[""http:\/\/127.0.0.1:8000\/storage\/900\/Event-Catering-by-Personal-Chef_1.jpg"",""http:\/\/127.0.0.1:8000\/storage\/901\/Event-Catering-by-Personal-Chef_2.jpg"",""http:\/\/127.0.0.1:8000\/storage\/902\/Event-Catering-by-Personal-Chef_3.jpg""]"
"fixed","160","Professional AC Repair and Maintenance Service","1","2","10","2","3","Top-notch air conditioning repair and maintenance service for residential and commercial spaces, ensuring maximum comfort and efficiency.","","","hours","156.8","2","1","1","[7,8,9]","[1]","[3,24,26,27]","[""http:\/\/127.0.0.1:8000\/storage\/561\/ac-3.jpg"",""http:\/\/127.0.0.1:8000\/storage\/562\/ac-2.jpg"",""http:\/\/127.0.0.1:8000\/storage\/563\/ac-repair.jpg""]","[""http:\/\/127.0.0.1:8000\/storage\/564\/ac-repair.jpg""]","[""http:\/\/127.0.0.1:8000\/storage\/907\/Professional-AC-Repair-and-Maintenance-Service_thumbnail.jpg""]","[""http:\/\/127.0.0.1:8000\/storage\/904\/Professional-AC-Repair-and-Maintenance-Service_1.jpg"",""http:\/\/127.0.0.1:8000\/storage\/905\/Professional-AC-Repair-and-Maintenance-Service_2.jpg"",""http:\/\/127.0.0.1:8000\/storage\/906\/Professional-AC-Repair-and-Maintenance-Service_3.jpg""]"
"fixed","260","Home Deep Cleaning Service","1","2","8","2","20","Comprehensive deep cleaning for your home, covering all rooms, furniture, and surfaces to ensure a spotless environment.","","","hours","254.8","3","1","1","[13,14,16]","[1]","[30,31,32,4,11,12,15,25,48]","[""http:\/\/127.0.0.1:8000\/storage\/565\/cleaning-frush.jpg"",""http:\/\/127.0.0.1:8000\/storage\/566\/cleaning.jpg"",""http:\/\/127.0.0.1:8000\/storage\/567\/medium-shot-people-cleaning-building_23-2150454555.jpg""]","[""http:\/\/127.0.0.1:8000\/storage\/568\/medium-shot-people-cleaning-building_23-2150454565.jpg""]","[""http:\/\/127.0.0.1:8000\/storage\/911\/Home-Deep-Cleaning-Service_thumbnail.jpg""]","[""http:\/\/127.0.0.1:8000\/storage\/908\/Home-Deep-Cleaning-Service_1.jpg"",""http:\/\/127.0.0.1:8000\/storage\/909\/Home-Deep-Cleaning-Service_2.jpg"",""http:\/\/127.0.0.1:8000\/storage\/910\/Home-Deep-Cleaning-Service_3.jpg""]"
"fixed","305","Office Cleaning and Maintenance Service","1","21","8","3","21","Reliable and thorough office cleaning to create a comfortable, hygienic workspace for employees and clients.","","","hours","240.95","3","1","1","[13,15]","[1]","[4,31,32,30]","[""http:\/\/127.0.0.1:8000\/storage\/569\/person-taking-care-office-cleaning_23-2149374472.jpg"",""http:\/\/127.0.0.1:8000\/storage\/570\/people-taking-care-office-cleaning_23-2149374449.jpg""]","[""http:\/\/127.0.0.1:8000\/storage\/571\/people-taking-care-office-cleaning_23-2149374449.jpg""]","[""http:\/\/127.0.0.1:8000\/storage\/915\/Office-Cleaning-and-Maintenance-Service_thumbnail.jpg""]","[""http:\/\/127.0.0.1:8000\/storage\/912\/Office-Cleaning-and-Maintenance-Service_1.jpg"",""http:\/\/127.0.0.1:8000\/storage\/913\/Office-Cleaning-and-Maintenance-Service_2.jpg"",""http:\/\/127.0.0.1:8000\/storage\/914\/Office-Cleaning-and-Maintenance-Service_3.jpg""]"
"fixed","352","Residential Electrical Repair Service","1","30","2","3","3","Professional electrical repair service for all types of household electrical issues. Experienced in handling residential electrical repairs with a focus on safety.","","","hours","246.4","3","1","1","[31,35]","[1]","[6,29,50,51]","[""http:\/\/127.0.0.1:8000\/storage\/572\/15090.jpg"",""http:\/\/127.0.0.1:8000\/storage\/573\/5875.jpg"",""http:\/\/127.0.0.1:8000\/storage\/574\/5083.jpg""]","[""http:\/\/127.0.0.1:8000\/storage\/575\/2149176681.jpg""]","[""http:\/\/127.0.0.1:8000\/storage\/919\/Residential-Electrical-Repair-Service_thumbnail.jpg""]","[""http:\/\/127.0.0.1:8000\/storage\/916\/Residential-Electrical-Repair-Service_1.jpg"",""http:\/\/127.0.0.1:8000\/storage\/917\/Residential-Electrical-Repair-Service_2.jpg"",""http:\/\/127.0.0.1:8000\/storage\/918\/Residential-Electrical-Repair-Service_3.jpg""]"
"fixed","500","Commercial Electrical Installation Service","1","10","10","2","3","Comprehensive electrical installation services for commercial properties, including lighting, power distribution, and safety systems. Expertise in commercial installations, ensuring energy-efficient and safe electrical systems for businesses.","","","hours","450","3","1","1","[31]","[1]","[6,29,49,51]","[""http:\/\/127.0.0.1:8000\/storage\/576\/15085.jpg"",""http:\/\/127.0.0.1:8000\/storage\/577\/5875.jpg"",""http:\/\/127.0.0.1:8000\/storage\/578\/5082-(1).jpg""]","[""http:\/\/127.0.0.1:8000\/storage\/579\/5082-(1).jpg""]","[""http:\/\/127.0.0.1:8000\/storage\/927\/Commercial-Electrical-Installation-Service_thumbnail.jpg""]","[""http:\/\/127.0.0.1:8000\/storage\/924\/Commercial-Electrical-Installation-Service_1.jpg"",""http:\/\/127.0.0.1:8000\/storage\/925\/Commercial-Electrical-Installation-Service_2.jpg"",""http:\/\/127.0.0.1:8000\/storage\/926\/Commercial-Electrical-Installation-Service_3.jpg""]"
"fixed","360","Electrical Safety Inspection and Testing","1","26","8","3","3","A comprehensive safety inspection of your home or businessÃƒÂ¢Ã¢â€šÂ¬Ã¢â€žÂ¢s electrical systems to prevent hazards and ensure compliance. Specializes in comprehensive safety inspections for residential and commercial properties.","","","hours","266.4","5","1","1","[31]","[1]","[6,29,49,50]","[""http:\/\/127.0.0.1:8000\/storage\/580\/2147743103.jpg"",""http:\/\/127.0.0.1:8000\/storage\/581\/2147743083.jpg"",""http:\/\/127.0.0.1:8000\/storage\/582\/17661.jpg""]","[""http:\/\/127.0.0.1:8000\/storage\/583\/17661.jpg""]","[""http:\/\/127.0.0.1:8000\/storage\/923\/Electrical-Safety-Inspection-and-Testing_thumbnail.jpg""]","[""http:\/\/127.0.0.1:8000\/storage\/920\/Electrical-Safety-Inspection-and-Testing_1.jpg"",""http:\/\/127.0.0.1:8000\/storage\/921\/Electrical-Safety-Inspection-and-Testing_2.jpg"",""http:\/\/127.0.0.1:8000\/storage\/922\/Electrical-Safety-Inspection-and-Testing_3.jpg""]"
"fixed","360","Residential Interior Painting","1","21","8","3","3","High-quality interior painting for your home, using durable and eco-friendly paints. Specialists in creating beautiful, personalized interior spaces with eco-friendly paints.","","","hours","284.4","3","1","1","[37,38]","[1]","[7,53,56,57]","[""http:\/\/127.0.0.1:8000\/storage\/584\/full-shot-woman-working-with-paint-roller_23-2149328113.jpg"",""http:\/\/127.0.0.1:8000\/storage\/585\/full-shot-man-mixing-construction-composition_23-2149328071.jpg"",""http:\/\/127.0.0.1:8000\/storage\/586\/23991.jpg""]","[""http:\/\/127.0.0.1:8000\/storage\/587\/23991.jpg""]","[""http:\/\/127.0.0.1:8000\/storage\/834\/Residential-Interior-Painting_thumbnail.jpg""]","[""http:\/\/127.0.0.1:8000\/storage\/831\/Residential-Interior-Painting_1.jpg"",""http:\/\/127.0.0.1:8000\/storage\/832\/Residential-Interior-Painting_2.jpg"",""http:\/\/127.0.0.1:8000\/storage\/833\/Residential-Interior-Painting_3.jpg""]"
"fixed","290","Exterior House Painting","1","12","10","3","21","Durable and weather-resistant exterior painting for homes, designed to withstand the elements. Experienced in weather-resistant exterior painting for long-lasting protection. Enhance and protect your home's exterior with our professional painting service.","","","hours","255.2","3","1","1","[37,42]","[1]","[7,52,56,57]","[""http:\/\/127.0.0.1:8000\/storage\/588\/wife-painting-wall-with-roller-brush-home-decorating-couple-home-decoration-renovation-cozy-apartment-flat-repair-makeover_482257-3657.jpg"",""http:\/\/127.0.0.1:8000\/storage\/589\/full-shot-man-pouring-paint_23-2149344028.jpg"",""http:\/\/127.0.0.1:8000\/storage\/590\/couple-conversation-home-renovation-roller-brush-dipped-blue-paint-apartment-redecoration-home-construction-while-renovating-improving-repair-decorating_482257-14161.jpg""]","[""http:\/\/127.0.0.1:8000\/storage\/591\/couple-conversation-home-renovation-roller-brush-dipped-blue-paint-apartment-redecoration-home-construction-while-renovating-improving-repair-decorating_482257-14161.jpg""]","[""http:\/\/127.0.0.1:8000\/storage\/838\/Exterior-House-Painting_thumbnail.jpg""]","[""http:\/\/127.0.0.1:8000\/storage\/835\/Exterior-House-Painting_1.jpg"",""http:\/\/127.0.0.1:8000\/storage\/836\/Exterior-House-Painting_2.jpg"",""http:\/\/127.0.0.1:8000\/storage\/837\/Exterior-House-Painting_3.jpg""]"
"fixed","1200","Commercial Exterior Painting Service","1","12","8","3","21","Exterior painting service for commercial properties, providing a fresh, professional look that enhances your business's curb appeal.","","","hours","1056","3","1","1","[37,39]","[1]","[57]","[""http:\/\/127.0.0.1:8000\/storage\/592\/p4.jpg"",""http:\/\/127.0.0.1:8000\/storage\/593\/p2.jpg"",""http:\/\/127.0.0.1:8000\/storage\/594\/p1.jpg""]","[""http:\/\/127.0.0.1:8000\/storage\/595\/p1.jpg""]","[""http:\/\/127.0.0.1:8000\/storage\/842\/Commercial-Exterior-Painting-Service_thumbnail.jpg""]","[""http:\/\/127.0.0.1:8000\/storage\/839\/Commercial-Exterior-Painting-Service_1.jpg"",""http:\/\/127.0.0.1:8000\/storage\/840\/Commercial-Exterior-Painting-Service_2.jpg"",""http:\/\/127.0.0.1:8000\/storage\/841\/Commercial-Exterior-Painting-Service_3.jpg""]"
"fixed","389","Exterior House Painting Service","1","12","10","3","23","A complete exterior painting service designed to enhance the curb appeal of your home while protecting it from the elements. We specialize in exterior painting for homes, ensuring a perfect finish that enhances curb appeal and offers lasting protection.","","","hours","342.32","3","1","1","[37,39]","[1]","[56,7,52,53]","[""http:\/\/127.0.0.1:8000\/storage\/596\/loving-couple-doing-renovation_23-2147782362.jpg"",""http:\/\/127.0.0.1:8000\/storage\/597\/couple-painting-wall_23-2147782318.jpg"",""http:\/\/127.0.0.1:8000\/storage\/598\/cheerful-couple-with-paint-rollers-ladder_23-2147782357.jpg""]","[""http:\/\/127.0.0.1:8000\/storage\/599\/loving-couple-doing-renovation_23-2147782362.jpg""]","[""http:\/\/127.0.0.1:8000\/storage\/973\/Exterior-House-Painting-Service_thumbnail.jpg""]","[""http:\/\/127.0.0.1:8000\/storage\/970\/Exterior-House-Painting-Service_3.jpg"",""http:\/\/127.0.0.1:8000\/storage\/971\/Exterior-House-Painting-Service_2.jpg"",""http:\/\/127.0.0.1:8000\/storage\/972\/Exterior-House-Painting-Service_1.jpg""]"
"fixed","379","Pipe Repair and Replacement","1","25","3","3","22","Fix and replace damaged pipes in your plumbing system, preventing leaks and water damage. Expert in fixing and replacing broken pipes, ensuring long-lasting results and a fully functional plumbing system.","","","hours","284.25","3","1","1","[43,48]","[1]","[28,23,59,60]","[""http:\/\/127.0.0.1:8000\/storage\/600\/pl3.jpg"",""http:\/\/127.0.0.1:8000\/storage\/601\/pl2.jpg"",""http:\/\/127.0.0.1:8000\/storage\/602\/pl1.jpg""]","[""http:\/\/127.0.0.1:8000\/storage\/603\/pl1.jpg""]","[""http:\/\/127.0.0.1:8000\/storage\/846\/Pipe-Repair-and-Replacement_thumbnail.jpg""]","[""http:\/\/127.0.0.1:8000\/storage\/843\/Pipe-Repair-and-Replacement_1.jpg"",""http:\/\/127.0.0.1:8000\/storage\/844\/Pipe-Repair-and-Replacement_2.jpg"",""http:\/\/127.0.0.1:8000\/storage\/845\/Pipe-Repair-and-Replacement_3.jpg""]"
"fixed","300","Drain Cleaning Service","1","21","20","3","22","Unclog and clean your drains with our expert drain cleaning service to prevent backups and maintain proper water flow.","","","hours","237","4","1","1","[43,48]","[1]","[28,58,60]","[""http:\/\/127.0.0.1:8000\/storage\/604\/pl3.jpg"",""http:\/\/127.0.0.1:8000\/storage\/605\/pl2.jpg"",""http:\/\/127.0.0.1:8000\/storage\/606\/pl1.jpg""]","[""http:\/\/127.0.0.1:8000\/storage\/607\/pl1.jpg""]","[""http:\/\/127.0.0.1:8000\/storage\/850\/Drain-Cleaning-Service_thumbnail.jpg""]","[""http:\/\/127.0.0.1:8000\/storage\/847\/Drain-Cleaning-Service_1.jpg"",""http:\/\/127.0.0.1:8000\/storage\/848\/Drain-Cleaning-Service_2.jpg"",""http:\/\/127.0.0.1:8000\/storage\/849\/Drain-Cleaning-Service_3.jpg""]"
"fixed","490","Water Heater Installation and Repair","1","20","4","3","22","Installation and repair of water heaters to ensure you have hot water available whenever you need it. Specializing in detecting and repairing hidden water leaks to prevent damage and water wastage in your plumbing system.","","","hours","392","3","1","1","[43,48]","[1]","[28,58,59]","[""http:\/\/127.0.0.1:8000\/storage\/608\/pl3.jpg"",""http:\/\/127.0.0.1:8000\/storage\/609\/pl2.jpg"",""http:\/\/127.0.0.1:8000\/storage\/610\/pl1.jpg""]","[""http:\/\/127.0.0.1:8000\/storage\/611\/pl1.jpg""]","[""http:\/\/127.0.0.1:8000\/storage\/854\/Water-Heater-Installation-and-Repair_thumbnail.jpg""]","[""http:\/\/127.0.0.1:8000\/storage\/851\/Water-Heater-Installation-and-Repair_1.jpg"",""http:\/\/127.0.0.1:8000\/storage\/852\/Water-Heater-Installation-and-Repair_2.jpg"",""http:\/\/127.0.0.1:8000\/storage\/853\/Water-Heater-Installation-and-Repair_3.jpg""]"
"fixed","50","Haircut and Styling Service","1","10","7","45","3","Our professional haircut and styling service is designed to make you look and feel your best. Whether you're looking for a trendy new cut or a classic look, our expert stylists will work with you to achieve your desired style.","","","minutes","45","1","1","1","[49,50,51]","[1]","","[""http:\/\/127.0.0.1:8000\/storage\/612\/images-(1).jpeg"",""http:\/\/127.0.0.1:8000\/storage\/613\/images.jpeg"",""http:\/\/127.0.0.1:8000\/storage\/614\/download-(5).jpeg""]","[""http:\/\/127.0.0.1:8000\/storage\/615\/download.jpeg""]","[""http:\/\/127.0.0.1:8000\/storage\/931\/Water-Heater-Installation-and-Repair_thumbnail-1.jpg""]","[""http:\/\/127.0.0.1:8000\/storage\/928\/Water-Heater-Installation-and-Repair_1-1.jpg"",""http:\/\/127.0.0.1:8000\/storage\/929\/Water-Heater-Installation-and-Repair_2-1.jpg"",""http:\/\/127.0.0.1:8000\/storage\/930\/Water-Heater-Installation-and-Repair_3-1.jpg""]"
"remotely","29.99","Online Language Tutoring","1","10","7","60","3","Learn a new language at your own pace with personalized tutoring sessions. Whether you're a beginner or looking to enhance your skills, our professional tutors will guide you through each lesson with engaging activities and real-life conversation practice.","","","minutes","26.99","1","1","1","[65]","[1]","[64]","[""http:\/\/127.0.0.1:8000\/storage\/1054\/Online-Language-Tutoring_3.jpg"",""http:\/\/127.0.0.1:8000\/storage\/1055\/Online-Language-Tutoring_2.jpg"",""http:\/\/127.0.0.1:8000\/storage\/1056\/Online-Language-Tutoring_1.jpg""]","[""http:\/\/127.0.0.1:8000\/storage\/1057\/Online-Language-Tutoring_thumbnail.jpg""]","[""http:\/\/127.0.0.1:8000\/storage\/1000\/Online-Language-Tutoring_thumbnail.jpg""]","[""http:\/\/127.0.0.1:8000\/storage\/997\/Online-Language-Tutoring_3.jpg"",""http:\/\/127.0.0.1:8000\/storage\/998\/Online-Language-Tutoring_2.jpg"",""http:\/\/127.0.0.1:8000\/storage\/999\/Online-Language-Tutoring_1.jpg""]"
"remotely","49.99","Online Cooking Classes","1","15","6","90","3","Learn to cook delicious meals from the comfort of your home with our expert chefs. Whether you want to master classic dishes or explore international cuisines, our online cooking classes cater to all skill levels.","","","minutes","42.49","1","1","1","[65]","[1]","[63]","[""http:\/\/127.0.0.1:8000\/storage\/1058\/Cooking-Classes_3.jpg"",""http:\/\/127.0.0.1:8000\/storage\/1059\/Cooking-Classes_2.jpg"",""http:\/\/127.0.0.1:8000\/storage\/1060\/Cooking-Classes_1.jpg""]","[""http:\/\/127.0.0.1:8000\/storage\/1061\/Cooking-Classes_thumbnail.jpg""]","[""http:\/\/127.0.0.1:8000\/storage\/1024\/Cooking-Classes_thumbnail.jpg""]","[""http:\/\/127.0.0.1:8000\/storage\/1021\/Cooking-Classes_3.jpg"",""http:\/\/127.0.0.1:8000\/storage\/1022\/Cooking-Classes_2.jpg"",""http:\/\/127.0.0.1:8000\/storage\/1023\/Cooking-Classes_1.jpg""]"
"provider_site","89.99","In-Clinic Physiotherapy Sessions","1","20","7","45","3","Our in-clinic physiotherapy sessions are designed to help you recover from injuries, manage pain, and improve your mobility. With personalized treatment plans tailored to your specific needs, our experienced physiotherapists guide you through every step of your recovery.","","","minutes","71.99","1","1","1","[66]","[1]","","[""http:\/\/127.0.0.1:8000\/storage\/1062\/In-Clinic-Physiotherapy-Sessions_3.jpg"",""http:\/\/127.0.0.1:8000\/storage\/1063\/In-Clinic-Physiotherapy-Sessions_2.jpg"",""http:\/\/127.0.0.1:8000\/storage\/1064\/In-Clinic-Physiotherapy-Sessions_1.jpg""]","[""http:\/\/127.0.0.1:8000\/storage\/1065\/In-Clinic-Physiotherapy-Sessions_thumbnail.jpg""]","[""http:\/\/127.0.0.1:8000\/storage\/1032\/In-Clinic-Physiotherapy-Sessions_thumbnail.jpg""]","[""http:\/\/127.0.0.1:8000\/storage\/1029\/In-Clinic-Physiotherapy-Sessions_3.jpg"",""http:\/\/127.0.0.1:8000\/storage\/1030\/In-Clinic-Physiotherapy-Sessions_2.jpg"",""http:\/\/127.0.0.1:8000\/storage\/1031\/In-Clinic-Physiotherapy-Sessions_1.jpg""]"
"provider_site","29.99","Yoga for Stress Relief","1","10","7","60","3","Our Yoga for Stress Relief classes are designed to help you relax, rejuvenate, and find inner peace. By incorporating breathing techniques, gentle movements, and mindfulness, we offer a holistic approach to managing stress and promoting overall well-being.","","","minutes","26.99","1","1","1","[67]","","","[""http:\/\/127.0.0.1:8000\/storage\/1066\/Yoga-for-Stress-Relief_3.jpg"",""http:\/\/127.0.0.1:8000\/storage\/1067\/Yoga-for-Stress-Relief_2.jpg"",""http:\/\/127.0.0.1:8000\/storage\/1068\/Yoga-for-Stress-Relief_1.jpg""]","[""http:\/\/127.0.0.1:8000\/storage\/1069\/Yoga-for-Stress-Relief_thumbnail.jpg""]","[""http:\/\/127.0.0.1:8000\/storage\/1040\/Yoga-for-Stress-Relief_thumbnail.jpg""]","[""http:\/\/127.0.0.1:8000\/storage\/1037\/Yoga-for-Stress-Relief_3.jpg"",""http:\/\/127.0.0.1:8000\/storage\/1038\/Yoga-for-Stress-Relief_2.jpg"",""http:\/\/127.0.0.1:8000\/storage\/1039\/Yoga-for-Stress-Relief_1.jpg""]"
"fixed","50","Gas Filling With Repairing","1","","","","3","","","","","","","1","","","","","","[""http:\/\/127.0.0.1:8000\/storage\/1082\/Gas-Filling-With-Repairing.jpg""]","",""
"fixed","30","Leak Detection Service","1","","","","22","","","","","","","1","","","","","","[""http:\/\/127.0.0.1:8000\/storage\/1081\/Leak-Detection-Service.jpg""]","",""
"fixed","75","Pipe Insulation Installation","1","","","","22","","","","","","","1","","","","","","[""http:\/\/127.0.0.1:8000\/storage\/1080\/Pipe-Insulation-Installation.jpg""]","",""
"fixed","40","Primer Application","1","","","","21","","","","","","","1","","","","","","[""http:\/\/127.0.0.1:8000\/storage\/1079\/Primer-Application.jpg""]","",""
"fixed","70","Protective Coating","1","","","","21","","","","","","","1","","","","","","[""http:\/\/127.0.0.1:8000\/storage\/1078\/Protective-Coating.jpg""]","",""
